id,actor_name,film_name
0,David A. R. White,The Moment After 2: The Awakening
1,Lonnie Colon,The Moment After 2: The Awakening
2,Brad Heller,The Moment After 2: The Awakening
3,Logan White,The Moment After 2: The Awakening
4,Monte Perlin,The Moment After 2: The Awakening
5,John Gilbert,The Moment After 2: The Awakening
6,Kevin Downes,The Moment After 2: The Awakening
7,Asad Farr,The Moment After 2: The Awakening
8,Don Parker Decker,The Moment After 2: The Awakening
9,Bree Pavey,The Moment After 2: The Awakening
10,John Hawkes,Small Town Saturday Night
11,Shawn Christian,Small Town Saturday Night
12,Chris Pine,Small Town Saturday Night
13,Bre Blair,Small Town Saturday Night
14,Octavia Spencer,Small Town Saturday Night
15,Lin Shaye,Small Town Saturday Night
16,Brent Briscoe,Small Town Saturday Night
17,David A. R. White,Small Town Saturday Night
54,Mary McNeill,Purge
55,Mark Arnold,Purge
56,Danielle Hagan,Purge
57,Bree Pavey,Purge
58,Danielle Hagan,Small Town Saturday Night
59,Danielle Hagan,The Karaoke King
60,Ken Weiler,The Karaoke King
61,Anil Kumar,The Karaoke King
62,Annie Miesels,The Karaoke King
